Формулировка;Число запросов;Топ частотных запросов «книги», 25.09.2024 — 25.10.2024, все регионы, все устройства
книги;32044620;
книги бесплатно;4232930;
книга читана;3836324;
читать книги;3836175;
читаем книги;3836120;
читаемые книги читать;3836071;
скачать книги;2892587;
книги онлайн;2887455;
книги онлайн бесплатно;2184309;
читать книги бесплатно;2019230;
читаем книги бесплатно;2019227;
читать книги онлайн;1954277;
читаем книги онлайн;1954262;
читаемые книги читать онлайн;1954262;
книги полностью;1684125;
красная книга;1639490;
книги онлайн читать бесплатно;1613334;
читаем книги онлайн бесплатно;1613334;
читаемые книги читать онлайн бесплатно;1613334;
книги полностью бесплатно;1554929;
скачать книги бесплатно;1342635;
читать книги полностью;1309443;
книги бесплатно без;1296482;
читаем бесплатно книги полностью;1242621;
читать книги бесплатно полностью;1242621;
книги онлайн полностью;1195678;
книги онлайн полностью бесплатно;1167364;
книга регистрации;1158002;
книги без регистрации;1128126;
книги бесплатно регистрации;1111555;
книги про;1108795;
читать книги онлайн полностью;1108286;
книги бесплатно без регистрации;1099515;
читаем книги онлайн бесплатно полностью;1085145;
читать книги онлайн бесплатно полностью;1085145;
слушающий книга;1069650;
слушать книги;1069524;
купить книги;1063642;
онлайн книга без;1015359;
книга класса;997243;
книги бесплатно без онлайн;993571;
читать книгу без бесплатно;944281;
лучшие книги;905332;
читать книги онлайн без;848543;
книга онлайн регистрация;847096;
книги онлайн без регистрации;837570;
книги регистрация онлайн бесплатно;827715;
читать книги регистрацией;793044;
читать книги без регистрации;786365;
читать книгу полностью без;777711;
книги читать бесплатно без регистрации;773465;
книги читать бесплатно полностью без;767831;
книга 2;740213;
читать книги онлайн бесплатно полностью без;708824;
книги полностью без регистрации;707851;
книги без регистрации бесплатно полностью;701032;
читать книги онлайн регистрацией;687471;
читаем книги онлайн без регистрации;683249;
читать книги онлайн без регистрации;683249;
книга животных;675722;
читать бесплатно книги онлайн без регистрации;675144;
серии книг;668267;
1 1 книга;666058;
читать полностью книгу без регистрации;616711;
читать книги бесплатно полностью без регистрации;610610;
полная книга;610120;
книг онлайн без регистрации полностью;609104;
книга 4;602547;
книга 3;589488;
слушать книги онлайн;571090;
читать книги онлайн полностью без регистрации;561354;
книги fb2;559169;
книги онлайн читать бесплатно без регистрации полностью;558166;
мир книг;550255;
скачать книги fb2;522573;
книга бывшие;520326;
русские книги;517531;
суть книги;516089;
слушать книги бесплатно;509394;
полные книги бесплатно;508212;
версии книг;473913;
книги онлайн бесплатно и без регистрации;467253;
книги без сокращений;465408;
бесплатные книги fb2;464612;
полные версии книг;459617;
книга года;458986;
читать книги бесплатно и регистрации;452329;
книги скачать бесплатно fb2;449468;
бесплатно полностью без сокращений книги;449434;
читаем книги бесплатно и без регистрации;447752;
читать книги без сокращений;446261;
книги без сокращений читай бесплатно;441495;
сокращение книги онлайн;439027;
книга онлайн без сокращения;438924;
бесплатные книги без сокращений онлайн;436389;
читать книги полностью без сокращений;435911;
читаем книги бесплатно полностью без сокращений;432265;
читать книги полностью без сокращений бесплатно;432265;
книги онлайн бесплатно полностью без сокращений;428161;
страница книги;426493;
читать книги онлайн без сокращений;426491;
скольких книг;424738;
сколько книг;424738;
читать сокращений книги онлайн бесплатно;424109;
читать книги онлайн полностью без сокращений;418002;
онлайн книги читать бесплатно полностью без сокращений;416158;
читаем книги онлайн бесплатно полностью без сокращений;416158;
бесплатные версии книг;410926;
книги бесплатно полные версии;409011;
слушать книги онлайн бесплатно;407308;
аудиокнига книги;406078;
читать книги онлайн бесплатно и без;405294;
авторы книг;404971;
читать книги онлайн бесплатно и регистрации;403206;
скачать полные книги;402081;
читаем книги онлайн бесплатно и без регистрации;401009;
книги александры;400916;
александр александров книги;400896;
электронная книга;389990;
язык книги;376150;
прочитанная книга;363855;
книги онлайн бесплатно и без регистрации полностью;355466;
книга россии;355133;
скачать полные книги бесплатно;352134;
читать книги бесплатно и регистрации полностью;351834;
5 книг;350615;
читать книги онлайн бесплатно и регистрации полностью;329414;
скачать книги полные версии;327294;
история книги;319596;
список книг;318039;
книга жизни;317578;
части книги;297772;
первая книга;297195;
первые книги;297180;
животные из красной книги;294778;
скачать книги бесплатно полные версии;291645;
книги без регистрации бесплатно полностью сокращений;290011;
где книга;286304;
читать книги без регистрации полностью без сокращений;278973;
библиотека книг;278711;
лучшие бесплатные книги;275932;
книги фэнтези;265163;
чтение книг;247609;
7 книг;246845;
скачать книги полностью;244335;
книга 6;242538;
книга занесенные;235707;
все книги по порядку;234802;
качество книги;233642;
лучшие книги онлайн;232941;
красная книга класса;231907;
большая книга;230631;
книга ли;226577;
нова книги;224204;
fb2 полную книгу;224184;
зеленая книга;223531;
смотреть книга;220344;
новые книги;220132;
качества хорошей книги;219847;
книги fb2 бесплатно полные;218957;
хорошие книги онлайн бесплатно;216828;
скачать полную книгу fb2;214839;
качество бесплатно книга;211139;
магазин книг;210233;
скачать книги бесплатно fb2 полные;210185;
читать книги бесплатно и сокращений;207893;
бесплатно в хорошем качестве книги;205947;
скачать книги бесплатно полностью;205833;
книга нея;202859;
дом книги;202538;
книга в ухе;199877;
книга ухи;199775;
читать книги онлайн бесплатно и без сокращений;199357;
день книги;198907;
красная книга россии;198649;
содержание книги;194268;
книги романы;192818;
красная книга 4;191904;
детские книги;191463;
книги окружающий;191459;
полные версии книг fb2;188568;
книги 2024;188478;
книга игра;187816;
книги сериями бесплатно;187376;
книга русский язык;185119;
бесплатные книги fb2 полные версии;184437;
красная книга 4 класс;184425;
международная красная книга;182080;
книга 8;180202;
10 книг;179999;
скачать книги fb2 полные версии;179895;
книги для детей;179192;
торрент книги;179020;
окружающий мир книга;178979;
интернет книги;177061;
интересные книги;176498;
книги онлайн бесплатно в хорошем качестве;176488;
скачать книги бесплатно fb2 полные версии;176175;
книга сказок;172115;
книги пушкина;171782;
книга гарри;171545;
книги бесплатно аудиокнигу;170030;
слово книга;169734;
регистрация слушать книги;169122;
книга мала;167270;
андреев книги;166140;
слушать книги без регистрации;165856;
стоящие книги;164795;
текст книги;164444;
окружающий мир класс книга;162438;
поттер книги;161742;
гарри поттер книги;160078;
книги онлайн аудиокниги;158548;
книги 9;158106;
книга вторые;157428;
книги 1 2;156749;
книги стивена;156240;
андрей андреев книги;156153;
андрей книга;156153;
книга анн;155196;
анна книги;155195;
аудиокнига книги слушать бесплатно;154064;
книга аудиокнига слушать онлайн;153471;
книга черных;152827;
черная книга;152823;
книга 1 часть;152316;
краткое содержание книг;152110;
кинг книги;151442;
скачать книги торрент;151388;
город книг;148538;
время книг;147352;
маленькая книга;145977;
любовные книги;144484;
скачать книгу бесплатно без;144434;
книги фэнтези бесплатно;144400;
тома книг;143987;
книга ответ;143849;
красная книга мира;143443;
книга растений;142577;
книга слушать онлайн бесплатно без;142014;
сергеев книги;141751;
стивен кинг книги;140484;
каждая книга;140362;
слушать книги онлайн без регистрации;139282;
найти книгу;138900;
книга ели;138885;
слушать книги онлайн бесплатно регистрации;138847;
читать серии книг;138645;
сергей сергеев книга;137757;
полная книга читать;137503;
слушать книги онлайн бесплатно без регистрации;137127;
книга регистраций скачать;136576;
обложка книги;135702;
владимиров книги;135624;
детективы книги;135593;
читать книги онлайн регистрации полностью всю;135050;
книги аудио;133437;
книга владимир;133373;
великие книги;133362;
скачать книги без регистрации;132965;
аудиокниги книги онлайн бесплатно;132370;
лучшие книги без регистрации;132312;
читать книги про;132090;
книги скачать бесплатно без регистрации;131808;
красная книга окружающий;131100;
иванов книги;130201;
книга душ;129797;
книга области;129315;
аудиокнига книги слушать онлайн бесплатно;128485;
название книг;128036;
книга перемен;127675;
книга 1 1 3;126441;
интернет магазин книг;125966;
читай книгу 2;125566;
книги фантастика;125483;
книги онлайн серия;125360;
окружающий мир красная книга;125212;
бесплатно книги про;123905;
данные книги;122788;
книга на английском;122743;
сергеевич книги;121922;
три книги;120843;
математик книга;120819;
книга смотреть онлайн;120747;
мир книги 4;120426;
книги про попаданцев;119462;
книга героев;118852;
книга 3 2;118819;
книги 12;117425;
описание книги;117334;
книга на полку;117245;
александр сергеевич александров книги;116098;
александр сергеевич книги;116098;
1 класс 1 часть книга;115709;
книги бесплатно любовные;114272;
бела книга;114230;
книга литература;113975;
москва книги;113409;
алексеев книги;113039;
виды книг;112492;
книги бесплатно без регистрации полные;112366;
книга царей;111819;
книги онлайн бесплатно серия;111727;
книга елена;111277;
форматы книг;111140;
циклы книг;109667;
белая книга;109645;
читать книги онлайн сериями;109445;
картинка книги;108789;
современные книги;108401;
номер книги;108055;
книги читать бесплатно серия;107619;
книги александра пушкина;107289;
окружающий 4 класс книга;107053;
книги онлайн полные;106077;
книги хорошем качестве бесплатно без регистрации;105704;
книга предложений;105241;
последняя книга;104870;
окружающий мир книга 4;103813;
книга михаил;103664;
читать книгу версия;102988;
окружающий мир 4 класс книга;102856;
1 4 книги;102620;
книга сергеевича пушкина;102439;
онлайн книги бесплатно полные;102340;
александр сергеевич пушкин книги;102325;
презентация книги;102237;
фильмы по книгам;101689;
красная книга окружающий 4;101558;
читать книги полные версии;100947;
красная книга 4 класс окружающий;100797;
читать книги онлайн бесплатно сериями;100460;
две книги;100099;
красная книга мира 4 класс;99972;
книги алексея;99943;
алексей алексеев книги;99941;
скачать серию книг;99758;
книга дмитриев;99417;
книга иван;99343;
иван иванов книга;99341;
читать любовные книги;99022;
слушать хорошую книгу;98724;
книги фэнтези онлайн;98581;
смотреть бесплатно книга;98377;
книга драконов;98373;
николаев книги;98138;
читать книги онлайн полная;98109;
книга роман бесплатно;97979;
читать книги фэнтези;97839;
дам книги;97817;
красная книга окружающий мир 4;97505;
книги на русском бесплатно;97336;
читаем хорошие книги;97312;
читать лучшие читаемые книги;97312;
читать хорошую книгу;97312;
красная книга окружающий мир 4 класс;96815;
бесплатные онлайн книги читаем полные;95153;
книга читать онлайн бесплатно полная;95153;
читаемые книги читать онлайн бесплатно полные;95153;
сколько страниц в книге;95099;
книга николая;94906;
николай николаев книги;94906;
главная книга;94847;
марий книга;94721;
книга брат;94462;
дмитрий дмитриев книги;94456;
книги дмитрий;94456;
книга дана;94134;
книги онлайн любовное;94028;
зеленая книга фильм;93418;
читаем полную версию книг бесплатно;93106;
виктор викторов книги;93048;
книга виктор;93048;
слушать хорошую книгу бесплатно;92348;
1 страница книги;92250;
евгений книги;92102;
книга евгении;92102;
книга г;91741;
книги любовные онлайн бесплатно;91683;
читать книгу александров;91493;
книга марии;91258;
любовная книга читать бесплатно;91234;
книги серия книги читать бесплатно полностью;91201;
книга ольга;91116;
топ книг;91070;
читать книгу александра;90586;
читать книгу александры;90586;
читать книги александр александров;90585;
книги ссср;90549;
книги любовные романы;90469;
отзыв о книге;89964;
животные занесенную книгу;89335;
серии книг читать онлайн полностью;89069;
онлайн книга бесплатно фэнтези;88742;
книга купить магазин;88478;
яндекс книги;88283;
книга м;88278;
серий книг читать онлайн полностью бесплатно;87897;
составляющие книги;87644;
книги по порядку бесплатно;87622;
онлайн книга про;87593;
смотреть книги онлайн бесплатно;87444;
книга продаж;87431;
книга фанфиков;87149;
животные занесенные в красную книгу;86733;
лабиринт книги;86218;
книга 1 2 3;86183;
книга книжный;86150;
фото книг;86006;
красная книга область;85976;
книга веков;85966;
читать книги романы;85728;
книги без регистрации полные версии;85676;
читайте 3 книгу;85561;
животные международной красной книги;85240;
жанры книг;85116;
полные версии книг бесплатно без регистрации;85022;
лучшие книги слушать онлайн;84995;
книга памяти;84876;
слушать книги полностью;84667;
книги дав;84545;
книг список по порядку;84457;
данная книга;84325;
дающий книга;84325;
русский язык класс книга;84033;
читаем книги попаданцев;83817;
как называется книга;83587;
став книга;83571;
книга в ухе слушать;83272;
смотреть фильм книга;83123;
книга земля;83027;
читать книги фэнтези бесплатно;82664;
популярные книги;82432;
животные книги россии;82009;
книги приключения;81802;
читать книги онлайн любовная;81649;
какие есть книги;81602;
книга татьяна;81361;
русским книги онлайн;81125;
звездная книги;81078;
читать всю серию книг полностью;81032;
книга н;80962;
онлайн версия книги;80846;
какие книги в красной книге;80679;
класс математика книга;80429;
онлайн книга попаданцы;80273;
читать книги онлайн бесплатно любовные;79993;
4 3 книга;79989;
книгами про бесплатные книги читать;79832;
книга после;79716;
книгу полная версия онлайн;79704;
книга 11;79693;
сообщение о книге;79444;
домовая книга;79204;
древние книги;79181;
волков книги;78915;
слушать книги бесплатно полностью;78700;
российские книги;78661;
хорошие книги бесплатные полностью;78369;
книга веко;78020;
книги онлайн романы;77818;
книгу джорджа;77540;
пример книги;77526;
книги онлайн полные версии бесплатно;77319;
книга задача;77252;
какую книгу прочитать;77244;
любящий книги;77096;
книги любовные романы бесплатно;77072;
книга мертвых;77064;
книга ру;76821;
планета книги;76653;
электронные книги бесплатно;76568;
книга покупок;76383;
книги по психологии;76321;
книга 2 2 4;76257;
начало книги;76247;
книга сердце;76150;
третью книгу;75933;
книга смотреть онлайн в хорошем качестве;75578;
скорпионы книга;75347;
читать книгу роман бесплатно;75286;
слушать книгу хорошем качестве;75234;
открытая книга;75218;
книг онлайн бесплатно романы;75108;
книги фэнтези читать онлайн;75043;
книга онлайн слушать бесплатно в хорошем;75017;
читать книги онлайн полные версии;74589;
про книги онлайн бесплатно;74367;
книги бесплатно онлайн русские;74269;
книги фэнтези без регистрации;74143;
рейтинг книг;73930;
книги фэнтези полностью;73845;
книга толще;73480;
царь скорпионов книга;73456;
пиша книгу;73420;
книга смерти;73311;
книга рецептов;73099;
книги толстого;73089;
книга рисунок;72909;
сказки пушкина книга;72799;
меркурий книга;72621;
бесплатные онлайн книги читаем полные версии;72577;
читать книги онлайн бесплатно полные версии;72577;
слушать книгу бесплатно без регистрации в хорошем;72498;
книга вышли;71909;
федоров книги;71809;
слушать книги бесплатно в хорошем качестве;71798;
книга третий;71706;
книги учебники;71692;
третья книга;71677;
книгу натальи;71592;
вышла книга;71580;
старая книга;71555;
художественные книги;71507;
скорпион книга души;71450;
скорпионов книга душ;71324;
книга онлайн бесплатно попаданцы;71202;
бесплатные книги фэнтези полностью;70663;
читать любовные книги полностью;70623;
книга престол;70577;
царь скорпионов книга души;70537;
книга душа царь;70513;
царь книга душ;70513;
читать онлайн книгу про;70469;
книги фэнтези бесплатно без регистрации;70428;
издательство книг;70427;
царь скорпионов книга душ;70411;
книги читать бесплатно полностью любовное;70228;
книги полностью fb2;70200;
читаем книги любовные романы;70145;
читать книги любовные романы;70145;
читать книги онлайн бесплатно фэнтези;70125;
слушать книги онлайн полностью;70015;
жило книга;69759;
слушать книги бесплатно и без;69626;
скачать книгу fb2 полностью;69389;
бесплатно регистрация и слушать книги бесплатно;69358;
книг 2018;69265;
игра престолов книга;69229;
слушать книги бесплатно и без регистрации;69194;
книги юрия;69072;
книга романов читать онлайн;68836;
книга судеб;68291;
лист книги;68141;
книги торрент бесплатно;68127;
любовные книги онлайн бесплатно полностью;68060;
книга возвышение;67839;
читать хорошую книгу бесплатно;67828;
книга fb2 бесплатно полностью;67414;
книги торрент скачать бесплатно;67319;
книга 1 бесплатные;67183;
книга мир животных;67020;
известные книги;67004;
слушать онлайн бесплатно книгу полностью;66983;
скачать без регистрации полные книги;66903;
книги fb2 скачать бесплатно полностью;66760;
любовные книги бесплатно без регистрации;66608;
книги скачать бесплатно без регистрации полные;66560;
слушать онлайн книги хорошем качестве;66476;
слушать хорошую книгу онлайн без регистрации;66435;
книга упражнений;66427;
лучшие книги слушать онлайн бесплатно без регистрации;66393;
священные книги;66155;
слушать книгу онлайн бесплатно хорошего качества;66155;
скачать книгу 2;65847;
книгу федора;65815;
книга федор;65813;
книга бесплатный формат;65754;
книги 9 класс;65683;
константинов книги;65663;
читаем книги любовные романы бесплатно;65489;
читать книги любовные романы бесплатно;65489;
роман книга читать бесплатно онлайн книги;65428;
серии книг скачать бесплатно;65426;
сколько книг прочитала;65374;
скачать книги бесплатно и регистрации;65238;
книга учета;65178;
возвышение меркурия книга;65136;
слушать книги онлайн и регистрации;65019;
проект книга;64998;
слушать онлайн книги в бесплатном качестве;64937;
русский книга читать;64773;
читать книги любовно онлайн бесплатно полностью;64705;
книга джейн;64698;
книга алиса;64693;
достоевский книги;64626;
книга константин;64541;
книги бесплатно полностью в хорошем качестве;64540;
константин константинов книги;64538;
читаем бесплатно книги попаданцы;64444;
читать книги бесплатно попаданцы;64444;
сообщение о красной книге;64434;
книга горе;64342;
книги онлайн любовные романы;64250;
книга тайн;64235;
край книга;64149;
книга имен;64090;
книга сила;63904;
книга 2 часть;63828;
книги pdf;63714;
выписка из книги;63690;
скачать книги в формате;63558;
борисов книги;63476;
книга онлайн бесплатно любовные романы;63382;
твоя книга;63350;
книга крови;63275;
книга мастеров;62940;
читать книгу онлайн бесплатно про;62903;
читать бесплатно 2 книгу;62806;
книга света;62386;
книга лев;62146;
борис книга;61870;
борис борисов книги;61869;
книги романы бесплатно полностью;61702;
книга магии;61658;
озон книги;61481;
гдз книга;61273;
книга отец;61255;
какой год книги;61051;
книги 18;61024;
фильм книга 2018;60884;
читать книгу фэнтези полностью;60712;
книги произведения;60410;
первый вторая книга;60369;
скачать полную версию книги бесплатно без;60361;
книга рекордов;60288;
фэнтези книги фэнтези онлайн полностью;60221;
фэнтези книги бесплатно читать полностью;60108;
читаем бесплатно книги полностью фэнтези;60108;
цитаты из книг;59977;
книги фэнтези онлайн полностью бесплатно;59893;
дорога книга;59492;
лучшие книги читать онлайн;59256;
какую книгу читаем;59202;
какие книги читать;59199;
читать книгу 4;59179;
книга 2 читать онлайн;59078;
издание книги;59046;
юлия книга;59025;
читать книги онлайн попаданцы;58880;
книга ухи слушать онлайн;58847;
книга джон;58817;
темная книга;58542;
книга рэй;58497;
читать любовные книги без регистрации;58480;
объем книги;58392;
книга в ухе онлайн;58302;
иллюстрация книги;58219;
книги онлайн 1;58158;
книги читать бесплатно без регистрации любовные;58141;
читать книги онлайн любовные романы;58084;
книги для начинающих;58053;
читать роман книгу полностью;57770;
книга родов;57759;
научные книги;57649;
книга тетрадь;57624;
стругацкие книги;57574;
международная красная книга 4;57518;
закладки для книг;57513;
читать книги онлайн бесплатно любовные романы;57512;
книги скачать полная версия без регистрации;57482;
книга в ухе слушать онлайн;57480;
сериалы книги;57469;
книги фэнтези онлайн без регистрации;57458;
стол книга;57415;
читать книгу бесплатно роман полностью;57355;
книги 15;57348;
книга б;57320;
павел книги;57266;
скачать бесплатно книгу полную версию без регистрации;57204;
книга чисел;57016;
книга закона;56982;
книги без серии;56946;
книга лес;56933;
книги роберта;56929;
книга цена;56738;
какие животных книги;56538;
книги 8 класс;56533;
метрические книги;56518;
книга граф;56505;
книги про попаданцев бесплатно;56494;
сюжет книги;56475;
мартин книги;56420;
ведьмак книги;56200;
пелевин книги;56118;
прошлое книги;56058;
животные из красной книги 4;55984;
книги для подростков;55959;
море книг;55894;
марина книга;55829;
попаданцы книги полностью;55592;
книги 16;55588;
книги онлайн 3;55573;
книги онлайн бесплатно без регистрации фэнтези;55543;
лучшие книги читать онлайн бесплатно;55496;
книги стоящие прочитать;55459;
сказки пушкина александр пушкин книга;55440;
книги про без;55287;
читать онлайн книгу полностью фэнтези;55233;
фэнтези книги читать онлайн бесплатно полностью;54963;
антонов книги;54916;
читать книги бывшие;54897;
книги онлайн читать бесплатно попаданцы;54815;
международная красная книга 4 класс;54804;
сколько стоит книга;54797;
книга перевод;54786;
академия книги;54742;
книга д;54687;
александр книги онлайн;54651;
книги по экологии;54442;
книги лета 2024;54361;
книга максима;54242;
книга агат;54185;
книги агаты;54182;
книга охотник;54154;
выписка из домовой книги;54150;
вариант книги;54111;
книга года 2024;54110;
книги бесплатно без регистрации романы;54061;
александров книги о пушкине;54022;
животные из красной книги 4 класс;54017;
романов книги читать онлайн бесплатно полностью;54000;
100 книг;53943;
книга правил;53934;
измена книги;53925;
книги верна;53869;
книги олега;53830;
мураками книги;53793;
все книги по сериям по порядку;53639;
читать книги онлайн без регистрации любовные;53524;
книги 14;53476;
сказка сергеевич пушкин книга;53432;
золотая книга;53431;
александр сергеевич пушкин книги сказки;53414;
попаданцы книги бесплатные полностью;53377;
брэдбери книги;53347;
бесплатная библиотека книг;53312;
книга рода;53312;
книга мира 3;53198;
скачать книгу бесплатно в формате;53113;
читать книги романы полностью онлайн;53070;
антонов антон книги;52988;
книги антона;52988;
сборник книг;52912;
телефон книга;52843;
будете читать книгу;52801;
книги фэнтези читать без регистрации;52798;
библиотека электронных книг;52740;
набоков книги;52690;
книги фэнтези читать бесплатно регистрации;52604;
фэнтези книги читать бесплатно без регистрации;52567;
лабиринт магазин книг;52439;
fb2 книги без регистрации;52434;
книга 13;52395;
лукьяненко книги;52373;
книги fb2 бесплатно без регистрации;52246;
книги скачать бесплатно fb2 без;52084;
читать бесплатно полностью книги про;52082;
определенный книги;52004;
литрес книги;51747;
книга джунглей;51696;
определить книгу;51662;
книга кристи;51655;
книги без регистрации бесплатно полностью любовные;51597;
раз книги;51346;
книга екатерина;51264;
рэй брэдбери книги;51245;
создать книгу;51171;
1 русская книга;51165;
книга любовный роман читать полностью;51151;
мир книги читать;51099;
читаемые книги мира книги;51098;
скачать книги fb2 без регистрации;51081;
читать онлайн книги по порядку;51055;
книги в формате fb2;51022;
читаем книги любовные романы бесплатно полностью;51006;
читать бесплатно полностью книги любовные романы;51006;
почитать книгу;50938;
скачать книги бесплатно fb2 без регистрации;50906;
ремонт книг;50887;
взять книгу;50698;
читать книги бесплатно по порядку;50650;
читать хорошую книгу полностью;50413;
говорящая книга;50363;
скачать книгу бесплатно всю версию;50336;
фильмы онлайн книга;50267;
книги 2023;50118;
петров книги;50099;
книги про любовь;50052;
слушать книги без регистрации полностью;50042;
книга английский язык класс;49984;
александров книги читать бесплатно;49969;
сколько книг на полке;49925;
книги попаданцы бесплатно без регистрации;49844;
читать полностью бесплатно хорошие книги;49837;
трофимов книги;49729;
агат кристи книги;49695;
агата кристи книги;49695;
моя любимая книга;49685;
книга птицы;49578;
смотреть фильм книги онлайн;49518;
книга в ухо бесплатно;49505;
как сделать книгу;49424;
слушать 2 книгу;49380;
группа книга;49347;
александра читать бесплатно книгу;49307;
читать любовные книги без регистрации полностью;49302;
книга кодекс;49294;
книги читать бесплатно без регистрации полностью любовные;49177;
домашняя книга;49158;
скачать книги про;49154;
бесплатные книги фильмы;49099;
василий книга;48939;
кронос книги;48868;
александр александров книги читать онлайн;48841;
читать книги онлайн александр;48841;
книга короля;48777;
читать 2 2 книга полностью;48732;
книга сад;48602;
книга страница 3;48524;
панда книга;48512;
редкие книги;48439;
лучшие русские книги;48423;
книга семь;48331;
семь книг семью книгами;48331;
неудержимый книга;48325;
книга фэнтези полностью без регистрации;48308;
читать книги онлайн фэнтези регистрации;48252;
читать книги онлайн без регистрации фэнтези;48240;
4 части книги;48219;
книги торрент fb2;48175;
продать книги;48149;
2 страница книги;48059;
книги фэнтези читать онлайн бесплатно без регистрации;48050;
номер страницы книги;48046;
чехов книги;47949;
книга доходов;47864;
книга в ухе слушать бесплатно;47776;
книга теней;47764;
книга жена;47740;
книга лежала;47703;
книга лежала книги лежали;47703;
книга лежит;47700;
читать книгу в хорошем качестве;47658;
книги киров;47649;
зеленая книга смотреть;47629;
книга ветер;47520;
книга по математике;47386;
читать книги бесплатно в хорошем качестве;47367;
4 3 2 1 книга;47344;
читать книги онлайн полностью романы любовные;47313;
книга математика 1;47282;
математик книга 1;47282;
читать онлайн бесплатно полностью книгу любовные романы;47259;
электронные книги скачать;47215;
книга 4 бесплатно;47212;
лабиринт книги интернет;47165;
печатная книга;47105;
книги без регистрации любовные романы;47103;
попаданцы читать книгу полностью;46993;
книга своими руками;46966;
читать бесплатно и регистрации книги любовные;46830;
читать книги без серий;46812;
книги сталкер;46779;
язык 1 класс книга;46620;
книги стр;46611;
книга кир;46550;
книги кира;46550;
скачать русских книг;46517;
конец книги;46504;
3 5 книга;46447;
план книги;46433;
скачать книги fb2 торрент;46387;
номер 1 книга;46375;
красная книга описание;46333;
книги бесплатно формат fb2;46240;
книги федора достоевского;46177;
федор достоевский книги;46177;
лучшие книги про;46113;
литнет читать книги бесплатно;46109;
книги онлайн читать бесплатно полностью про;46065;
братья стругацкие книги;46060;
книга 2 аудиокнига;45769;
скачать книгу в формате fb2;45750;
снять книгу;45713;
флибуст книги;45650;
флибуста книги;45650;
читать 5 книгу;45577;
читать книгу меркурий;45541;
попаданцы книги онлайн бесплатно полностью;45511;
форма книги;45447;
человек читает книгу;45438;
книги 4 5;45385;
книга 3 часть;45361;
петр петров книги;45342;
смотреть фильмы бесплатно книги;45333;
книга де;45060;
книги романы читать без регистрации;45055;
много книг;45044;
книги аудиокниги без регистрации;45018;
читать книгу бесплатно без регистрации романы;44959;
2 книга читать бесплатно полностью;44875;
бесплатные книги без аудиокниги без регистрации;44813;
александр александров книги читать онлайн бесплатно;44800;
читать книгу онлайн бесплатно александра;44800;
многие книги;44774;
животные из международной книги;44714;
на полках стоят книги;44712;
книги стоящие на полке;44711;
на полке стояло книги;44651;
какие книги занесены;44641;
исторические книги;44636;
читаем книги про попаданцев;44411;
читать книги про попаданцев;44411;
книги прочитать каждый;44409;
каждая прочитанная книга;44406;
поиск книг;44400;
книга перемен онлайн;44389;
система книга;44359;
покажи книгу;44316;
культура книги;44313;
кира кир киров кир книги;44287;
слушать книгу онлайн без регистрации полностью;44284;
правильные книги;44277;
телефонная книга;44219;
советские книги;44182;
скачать книги попаданцы;44177;
империя книга;44164;
математика книга часть;44111;
слушать бесплатно книги онлайн без регистрации полностью;44084;
лучшие книги без регистрации и бесплатно;44000;
книга над;43961;
лабиринт книги интернет магазин;43910;
книга чудо;43877;
книги полный формат;43854;
книги читать бесплатно русское;43848;
книги фэнтези онлайн без регистрации полностью;43845;
книга смысл;43808;
новинки книг;43792;
книга п;43771;
скачать книги фэнтези;43692;
читать книги без регистрации полностью фэнтези;43682;
е книга;43599;
лучшие детективы книги;43580;
читать полностью бесплатно без регистрации книги фэнтези;43553;
книга александра читать полностью;43546;
про красную книгу;43505;
бесплатные книги без регистрации на русском;43501;
на дне книга;43455;
книга ведьм;43428;
книга способ;43358;
книга листьев;43335;
книги ремарка;43309;
рождение книги;43244;
книга 4 страница;43164;
школьная книга;43134;
книги 1 4 класс;43127;
русский язык книга бесплатно;43107;
зеленая книга 2018;43062;
сколько страниц в книге прочитал;42921;
дети лета книга;42813;
книги читать бесплатно без регистрации в хорошем;42713;
ерофеев книги;42572;
животные красной книги мира 4 класс;42459;
зеленая книга фильм 2018;42420;
можно ли книгу;42419;
какие книги занесены в красную книгу;42418;
книга попаданцы читать онлайн полностью;42409;
книга л;42363;
книга принц;42358;
читай город книги;42336;
создание книги;42174;
ученик книга;42109;
книга остров;42073;
авито книги;42072;
книги бесплатно полном формате;41983;
книга правь;41961;
книги без регистрации бесплатно полностью романы;41954;
читать книгу без бесплатно любовные романы;41923;
книги 17;41905;
книга гиннесса;41898;
книга князь;41867;
лучшие книги читать онлайн полностью;41812;
ирина книга;41808;
животные красной книги окружающий мир 4;41806;
валериев книги;41786;
книгами находящимися;41776;
язык 1 класс 1 часть книга;41642;
читать романы книги онлайн без регистрации;41634;
читать книги без регистрации любовные романы;41628;
читать книгу возвышение меркурия;41619;
книги читать бесплатно без регистрации любовные романы;41586;
окружающий мир 4 класс красная книга животные;41568;
слушать книги аудиокниги без регистрации;41518;
читать хорошую книгу онлайн бесплатно полностью;41483;
скачать книгу бесплатно в формате fb2;41479;
книги аудио слушать;41470;
изложение книга;41447;
аудиокнига книги слушать бесплатно без регистрации;41373;
книги валерии;41359;
окружающий 3 класс книга;41182;
книги клуб;41169;
литературные книги;41082;
джордж мартин книги;41026;
бывший бывший 1 книга;40992;
список лучших книг;40960;
какие книги написал;40946;
приложение для книг;40940;
скачать 1 книгу;40937;
анн читать книги;40790;
читать книги анна;40790;
книги скачать fb2 без регистрации полные;40758;
книги чеха;40690;
книги 1 6;40630;
книги онлайн 4;40629;
книги скачать бесплатно fb2 без регистрации полные;40603;
книги бесплатно fb2 торрент;40501;
онлайн фильмы бесплатно книгу;40488;
книга сын;40412;
читать книги без регистрации полные;40412;
книга убитого;40306;
книга русский язык 1;40204;
сочинение на тему книга;40160;
работа с книгой;40154;
смотреть фильмы бесплатно онлайн книга;40129;
книги аудио бесплатно;40089;
книги уильям;40072;
книги читать бесплатно без регистрации полные;40053;
книга майнкрафт;40035;
книга александр читать онлайн бесплатно полностью;40033;
книга дневник;39974;
книги читать в хорошем качестве полностью;39939;
книги ерофея;39907;
типы книг;39705;
книги журналы;39668;
книга души смотреть;39655;
книга камень;39640;
книга в ухе аудиокниги;39613;
книга душ смотреть;39565;
книги фантастика бесплатно;39517;
короткие книги;39380;
александров книги скачать;39362;
окружающий мир 3 книга;39339;
бесплатная библиотека электронных книг;39281;
книга р;39204;
книга в ухе онлайн бесплатно;39177;
4 книга 1 часть;39098;
читать книгу онлайн в хорошем качестве;39022;
смотреть царь скорпионов книга;39011;
3 читать книги бесплатно;39005;
книга ухи онлайн бесплатно;38998;
математика 1 часть книга;38942;
книга код;38929;
лучшие книги читать онлайн бесплатно без регистрации;38889;
читаем онлайн бесплатно без регистрации лучшие книги;38889;
растения из красной книги;38878;
скорпионов книга душ смотреть;38877;
книги классика;38873;
читать книги онлайн бесплатно в хорошем качестве;38842;
русские книги онлайн бесплатно полностью;38821;
окружающий мир 3 класс книга;38815;
внести книгу;38802;
книга макс;38801;
книга в ухе онлайн слушать бесплатно;38748;
книга рекордов гиннесса;38679;
александр александров скачать книги;38672;
скачать книги александра;38672;
читать книги полностью без регистрации романы;38639;
смотреть царь скорпионов книга души;38637;
математик книга страница;38603;
математика книга страница;38603;
смотреть царь скорпионов книга душ;38547;
книга песен;38509;
книги классиков;38500;
книги похожие на;38486;
книга расходов;38484;
читать книги онлайн 3;38483;
слушать книгу попаданец;38419;
метро книга;38388;
fb2 книги серии;38349;
лабиринт купить книгу;38275;
рейтинг лучших книг;38251;
животные из красной книги мира;38208;
онлайн книги про попаданцы;38148;
в томе книги;38143;
акунин книги;38112;
1 читать книги бесплатно;38001;
аннотация к книге;37948;
1 1 книга читать онлайн;37895;
пять книг;37847;
русский книга читать онлайн;37825;
книга 1 аудиокнига;37773;
читать книгу 6;37730;
скачать серию книг fb2;37718;
андреев книга читать;37693;
лучшие книги бесплатно на русском;37691;
где можно книги;37674;
учебная книга;37649;
математика 1 класс книга 1 часть;37515;
книги без регистрации бесплатно полностью любовные романы;37428;
книги полный объем;37409;
слушать книгу 1;37348;
возвышение меркурия книга читать онлайн;37340;
читатель книг;37337;
книга проценты;37325;
тайная книга;37304;
тайные тайны книга;37301;
животные красной книги красной области;37249;
скачать 3 книги;37184;
читать книги бесплатно без регистрации про;37169;
книга игоря;37137;
книга меркурий читать онлайн бесплатно;37095;
любовное фэнтези книги;37069;
книга энциклопедия;37050;
экология класс книга;37049;
анна джейн книги;37015;
класс школа книга;36972;
книги онлайн бесплатно без регистрации попаданцев;36964;
книга детство;36956;
книга россии 4 класс;36953;
читать книги фэнтези бесплатно и без;36948;
книги альтернативная;36923;
количество книг;36909;
лолита книга;36877;
книги страница 5;36864;
ремарк книги;36781;
книги для бесплатного чтения;36756;
рубинов книга;36713;
части книги 4 класс;36703;
книга назад;36683;
скачать полные книги бесплатно и регистрации;36628;
возвышение меркурия книга читать бесплатно;36574;
читаем книгу бесплатно возвышение меркурия;36574;
простые книги;36564;
книга между книг;36454;
книга джек;36445;
книги любовь бесплатно;36423;
книга звездное небо;36378;
отрывок из книги;36340;
книга русский 1 класс;36321;
андрей андреев читать книги;36258;
читать книга андрей;36258;
великая книга природы;36243;
книги дин;36236;
книга дины;36235;
книги сериями бесплатно fb2;36212;
книга магов;36160;
какие книги стоит;36071;
какие стоящие книги;36071;
скачать серию книг fb2 бесплатно;36048;
5 книг бесплатно;36001;
читать книги онлайн без попаданцев;35941;
страницы красной книги;35899;
читать книгу класс;35889;
книга хроники;35833;
звездное небо великая книга;35613;
книги скачать полностью без;35613;
гадание по книге;35562;
книга илая;35482;
выставка книг;35473;
книги эриха;35471;
бесплатные серии книг без регистрации;35452;
звездная книга природы;35342;
книга рубля;35304;
книга 4 класс 1 часть;35249;
читать книгу история;35240;
нескольких книг;35235;
несколько книг;35234;
онлайн фильм хорошем качестве книга;35192;
ваша книга;35185;
красивые книги;35163;
звездное небо книга природы;35158;
попаданцы лучшие книги;35156;
звездная книга великой природы;35087;
2 в 1 книга 4;35074;
страница русской книги;35074;
книга наследник;35050;
книга по русскому класс;35039;
книга умерших;35031;
книги онлайн бесплатно про попаданцев;35021;
какие книги можно;34963;
звездное небо великая книга природы;34935;
окружающий мир животные из красной книги;34833;
прочитать 2 книги;34826;
книги библии;34759;
любая книга;34734;
легкие книги;34692;
бесплатные книги полный объем;34663;
заказать книгу;34625;
красная книга мира сообщение;34557;
возвышение меркурия книга читать онлайн бесплатно;34487;
книга источник;34475;
скачать книги бесплатно и регистрации полные версии;34458;
книги статьи;34449;
литнет книги онлайн;34449;
основная книга;34442;
мир книг скачать;34365;
рассказ о книге;34360;
скачать книги полного формата;34298;
книга заклинаний;34256;
купить книги магазин лабиринт;34253;
читать книги онлайн литнет;34229;
читать книги про попаданцев бесплатно;34219;
книги харуки;34186;
книга значение;34151;
надо книги;34139;
книга песнь;34108;
книга песнь песней;34108;
какая 1 книга;34054;
книги спб;34005;
тигр тигр книга;33978;
харуки мураками книги;33973;
маргарита книга;33913;
разные книги;33883;
красная книга россии 4;33880;
дарий книги;33861;
книга звезд;33831;
читать книги попаданцы без регистрации;33779;
книга входящие;33760;
привести книгу;33760;
книга пионерский;33729;
книга возвышение меркурия читать бесплатно полностью;33706;
сообщение о животном из красной книги;33701;
литнет книги онлайн бесплатно;33687;
бесплатно книгу детектив;33661;
книга скорпионов фильм;33622;
читать книги елены;33612;
книга дарьи;33601;
дикие книга;33598;
книга снов;33515;
мир книг 2;33514;
книги аудиокниги слушать онлайн без регистрации;33507;
книга царей фильм;33482;
книги онлайн слушать аудиокниги бесплатно без регистрации;33476;
книга входите;33465;
фильм царь скорпионов книга;33345;
русский язык 1 часть книга;33328;
книга четвертая;33292;
снят по книге;33291;
книги 21;33259;
фэнтези книги бесплатно и без регистрации полностью;33231;
красная книга россии 4 класс;33227;
приложение для чтения книг;33207;
книги пдф;33173;
скачать читать книги;33146;
книга знаний;33132;
читаем книги скачать;33123;
лев толстой книги;33096;
книги на английском языке;33092;
читаем книги дети;32988;
московская книга;32985;
читать книги кронос;32980;
возвышение меркурия книга онлайн бесплатно полностью;32943;
магическая книга;32935;
книга доходов и расходов;32924;
книги в полном формате в fb2;32920;
сколько книг в библиотеке;32894;
книга галстук;32863;
кодекс охотника книга;32729;
книги онлайн скачать;32682;
читать книгу измена;32650;
книга возвышение меркурия читать онлайн полностью;32605;
фильм книга души;32585;
книга душ фильм;32572;
международная книга мира;32539;
книга растения и животные;32529;
возвышение меркурия книга читать онлайн бесплатно полностью;32526;
книга там;32487;
книга 5 часть 5;32469;
читать книги 7;32466;
зеленая книга онлайн;32455;
волшебная книга;32453;
книги скачать бесплатно в полном формате;32420;
книга часов;32381;
часы книга;32377;
книги по экологии 3;32303;
слушать книгу про;32293;
стили книг;32224;
книги 10 класс;32200;
скачать книги класс;32139;
первая страница книги;32085;
первые страницы книг;32083;
международная красная книга мира;32046;
книга словарь;32013;
книги про фэнтези;31943;
живая книга;31939;
на первой полке книг;31919;
книги фэнтези скачать бесплатно;31886;
читать книги александра кроноса;31879;
бесплатные книги в формате fb2 полные;31871;
томах читать книги;31864;
книга анастасия;31806;
книги читать бесплатно онлайн 3;31804;
прочитать книгу останься;31790;
читать книгу автор;31787;
фамилия книга;31775;
книга 19;31763;
слушать книги русского;31729;
книга лед;31708;
книги без регистрации бесплатно полностью попаданцы;31699;
русский язык книга страница;31687;
книга русский язык 1 класс 1 часть;31669;
книги виктории;31659;
книги по экологии 3 класс;31636;
мир книг онлайн;31595;
образцов книги;31577;
книги боевых;31549;
книга пионерский галстук;31528;
ник книга;31519;
читать без сокращений любовные книги;31482;
книга ника;31435;
читать полностью без регистрации книги про;31434;
гоголь книги;31423;
фильм скорпион книга души;31398;
фильм скорпионов книга душ;31386;
какие книги стоит прочитать;31362;
книга 1 часть 3;31328;
читать книги онлайн бесплатно 1;31312;
возвышение меркурия книга кроноса;31275;
фильм книга душ царь;31181;
презентация красная книга;31170;
владимир набоков книги;31169;
фильм царь скорпионов книга души;31153;
фильм царь скорпионов книга душ;31141;
книги иваново;31109;
книга пламя;31106;
книга 5 онлайн;31083;
скачать книги бесплатно и регистрации fb2;31036;
зеленая книга смотреть онлайн;30989;
40 книг;30957;
равна книга;30941;
попаданцы книги скачать бесплатно;30921;
роль книги;30918;
книга счастье;30898;
книга сестры;30895;
литмаркет книги;30895;
книга письма;30874;
мировые книги;30849;
книга солнце;30822;
книга лето в пионерском;30785;
книги купить интернет лабиринт;30754;
лабиринт интернет магазин книги купить;30730;
книга отмеченная;30728;
пол книги;30701;
как написать книгу;30680;
книги про мир;30655;
монте книга;30648;
общая книга;30647;
книги ru;30626;
книги которые стоит;30601;
книги про попаданцев читать онлайн;30547;
электронная книга купить;30543;
скачать книгу без регистрации полностью;30540;
книга играй;30536;
порно книги;30515;
на столе лежала книга;30476;
книга лежит на столе;30474;
книга 5 языков;30470;
скачать полные версии книг в формате;30415;
книги в формате fb2 полные версии;30370;
скачать книги полном формате fb2;30356;
лучшие книги кинга;30332;
книга в решающий;30306;
книги школа россии;30286;
книга медведь;30283;
книги скачать регистрации бесплатно полностью;30280;
книга корень;30254;
лучшие книги стивена;30234;
книга убийца;30221;
читаем современные книги;30207;
читать современные книги;30193;
читать книги онлайн кронос;30190;
аниме книги;30184;
возвышение меркурия книга александр кронос;30161;
книги современные романы;30160;
боярский книги;30113;
лето в галстуке книга;30083;
прочитать 1 книгу;30065;
книга дата;30037;
книга душ онлайн;30015;
книга онлайн душа;30015;
кристо книга;30011;
марк книги;29995;
стивен кинг лучшие книги;29940;
монте кристо книга;29929;
васильев книги;29904;
флибуста книги бесплатно;29885;
книги попаданцы читать онлайн без регистрации;29831;
читать книги онлайн бесплатно без регистрации попаданцы;29798;
книга про порядок;29785;
марков книги;29782;
книги про попаданцев полностью;29781;
животные из красной книги россии;29780;
андреев книги скачать;29760;
книга 4 класса страница;29742;
лето в пионерском галстуке книга;29722;
книга горе от ума;29697;
окружающий мир международная красная книга;29696;
связь книги;29691;
читать бесплатно книги александра кроноса;29691;
радио книга;29676;
книга 5 3 1;29668;
анализ книги;29620;
задача сколько книг;29543;
материал книги;29506;
русские авторы книг;29496;
книги булычева;29488;
книга повесть;29469;
семенов книги;29462;
физик книга;29444;
бесплатные книги полные версии формат fb2;29441;
книги чуковского;29419;
написание книги;29383;
какая 2 книга;29347;
повелитель книга;29311;
прочитать книгу бывшие;29308;
книга событие;29303;
читать книгу неудержимый;29300;
книга бесплатно любовное фэнтези;29299;
назад в ссср книги;29299;
главные герои книги;29282;
скачать бесплатно книги полные в формате fb2;29269;
скачать книгу бесплатно в формате полную версию;29249;
1 2 часть книги;29244;
лицо книга;29244;
булгаков книги;29227;
книги современные любовные;29191;
с помощью книги;29177;
слушать книги 3;29150;
слушать книгу бесплатно русские;29149;
книги читать онлайн бесплатно кронос;29110;
книга истории класса;29083;
тихая книга;29067;
современные книги бесплатно;29055;
лучшие книги по психологии;29046;
книги про попаданцев полностью бесплатно;28988;
полные серии книг;28987;
читаем книги бесплатно онлайн про попаданцев;28982;
читать книги онлайн бесплатно про попаданцев;28982;
плохие книги;28945;
распечатать книгу;28926;
старшие книги;28924;
книга лолита набоков;28894;
морские книги;28891;
зарубежные книги;28887;
какая страница книги;28848;
библиотека читаем книги;28807;
библиотека читать книги;28805;
онлайн книга на русском языке;28793;
регистрации электронная книга;28781;
краткое описание книги;28779;
граф монте книга;28760;
скачать книгу pdf;28758;
снежная книга;28726;
книга выборы;28684;
андреев андрей книги скачать;28668;
скачать книги андрей;28668;
книги 1 5 класс;28645;
граф монте кристо книга;28617;
издать книгу;28615;
донцова книги;28567;
книга ангелов;28507;
книги волкова;28492;
смотреть фильм зеленая книга;28471;
александр кронос книги читать полностью;28453;
читать онлайн книги 4;28418;
исчезнувшая книга;28410;
книги о любви;28399;
слушать аудиокниги книга ухи;28374;
знак книги;28359;
читать книги полные без регистрации онлайн;28358;
книга в ухе слушать аудиокниги;28354;
где бесплатные книги;28336;
книга 25;28276;
книги страницы читать;28263;
читать книги бесплатно онлайн без регистрации полный;28213;
читать книги бесплатно полностью 1;28194;
книга бедный;28193;
книжный магазин книга;28169;
где купить книгу;28135;
книга воды;28125;
история книги бесплатно;28117;
переплет книги;28098;
книга невеста;28093;
книги 2025;28091;
кристин книга;28088;
математика книга номер;28068;
кронос книги читать онлайн бесплатно полностью;28064;
скачать книги в полном объеме;28062;
книга огэ;28047;
каталог книг;28009;
книга 22;27991;
скачать книгу в формате fb2 полные версии;27983;
красная книга фото;27978;
книги 2022;27936;
международная красная книга 4 класс окружающий;27935;
онлайн книга 6;27935;
видео книга;27928;
лет книги читать;27925;
приложение для чтения книг бесплатно;27916;
красная книга мира сообщение 4 класс;27905;
скачать книгу 4;27898;
читаем книгу читает ольга;27895;
читать книгу ольга;27895;
животные из красной книги 4 класс окружающий;27875;
пословицы о книге;27836;
книга про попаданцев без регистрации;27817;
возвращение книга;27759;
зеленая книга бесплатно;27724;
похозяйственная книга;27697;
база книг;27694;
какие животные занесены в книгу;27685;
какую книгу речь;27662;
галин книги;27656;
книга галина;27655;
семенова книги;27654;
антон чехов книги;27651;
книги про попаданцев бесплатно без регистрации;27631;
полная книга русского;27624;
нея книга читать;27606;
книга пушкина читать;27588;
читаем книги пушкина;27588;
читать полностью книгу без регистрации попаданцы;27572;
книга валентин;27552;
книги валентина;27552;
первая печатная книга;27550;
первые печатные книги;27548;
книги читать попаданцы бесплатно полностью без регистрации;27525;
фэнтези без сокращений книги;27522;
книги слушать по порядку;27494;
книги марии ремарка;27492;
символ книги;27479;
военные книги;27478;
речь идет о книгах;27478;
александр кронос книги читать онлайн бесплатно полностью;27470;
красная книга 2 класс;27469;
книга бывшие люди;27460;
сини книга;27457;
фон книги;27438;
суть книги будь человеком;27433;
книги современные любовные романы;27415;
красная книга сообщение 4 класс окружающий мир;27393;
муха книга;27391;
какие животные занесены в красную книгу;27358;
книги про детей;27343;
читать серии книг бесплатно без регистрации;27323;
книги эриха ремарка;27283;
мария ремарк книги;27276;
читать книги 8;27255;
книги эрих мария;27245;
выбор книга;27234;
секс книги;27193;
книга 5 часть 1;27191;
книга дэвид;27165;
святая книга;27103;
синяя книга;27088;
книги эриха марии ремарка;27054;
замок книга;27045;
эрих ремарк книги;27040;
строки книги;27026;
книгу 3 класса 3 часть;27024;
книги вк;27005;
корнеев книги;27003;
читаю книгу прочитал книгу;26979;
аудиокнига книга скачать;26945;
скачать книгу лета;26920;
окружающий мир международная красная книга 4;26905;
фэнтези книги бесплатно полностью без сокращений;26881;
эрих мария ремарк книги;26860;
звездное небо великая книга природы 3;26857;
виды красной книги;26848;
ночная книга;26837;
сумерки книга;26835;
книги слушать бесплатно полностью и без регистрации;26811;
окружающий мир 4 класс международная книга;26809;
велесова книга;26807;
растения занесенные в книгу;26806;
лучшие книги скачать;26800;
капитан книга;26796;
властелин книга;26770;
книги кома;26731;
звездное небо великая книга 3 класс;26676;
международная красная книга окружающий мир 4 класс;26667;
великая книга природы 3 класс;26633;
велесову книгу;26615;
суть красной книги;26610;
электронные книги скачать бесплатно;26603;
читаем электронные книги;26567;
электронная книга читать;26567;
книга подготовка;26564;
книга окружающий мир россия;26538;
валентинов книги;26520;
звездная книга природы 3 класс;26515;
бесплатные игры книг;26490;
книга быстрей быстрей;26430;
книга счетов;26427;
дюма книги;26414;
звездное небо книга природы 3 класс;26400;
растения занесенные в красную книгу;26400;
скачать книги фантастика;26383;
книга метод;26379;
книги о школе;26379;
электронные книги без регистрации;26360;
дорогие книги;26352;
книга подготовленная;26348;
книга драконов читать;26341;
список серий книг;26332;
великая книга природы звездное небо 3 класс;26281;
маленький большой книга;26276;
скачать книги в полном объеме бесплатно;26258;
книга 3 класса страница;26246;
книга рабочая тетрадь;26241;
книга зла;26215;
читать книги бесплатно анна;26212;
амурская книги;26197;
языков книги скачать;26180;
книга 1 5 2 3 1;26169;
книга русского языка упражнения;26159;
обломов книга;26151;
книга генри;26126;
светлана книга;26114;
книга волшебник;26098;
книга про класс;26061;
читаем любимые книги;26036;
средние книги;26027;
читать онлайн книги андрея;26022;
части книги 5 класс;25966;
3 класс 1 часть книга;25924;
книга цель;25879;
дон книга;25875;
книги для саморазвития;25873;
читать книги онлайн анна;25871;
читать книги про попаданцев полностью;25844;
печать книги;25843;
русские книги 2;25843;
выход книги;25831;
книги которые должен;25821;
гадание по книге перемен;25802;
1984 книга;25784;
книги 1 2 класс;25782;
горький книги;25709;
день года книга;25645;
книга читаем сказки;25631;
книга сказок читать;25630;
первый книга 3;25612;
словосочетание книги;25604;
читать книги фэнтези полностью без сокращений;25603;
книга владимировича;25582;
современные книги читать бесплатно;25562;
фэнтези книги читать бесплатно полностью без сокращений;25556;
бесплатные книги современные любовные;25536;
сообщение о книге 4 класс;25532;
флибуста скачать книги;25532;
бегущая книга;25504;
тысяча книг;25434;
купленные книги читать;25416;
книга надежды;25336;
библиотеки без книг;25331;
книга решений;25331;
скачать бесплатно книгу 2;25312;
тема красная книга;25300;
читать книгу кроноса возвышение меркурия;25278;
книги про животных;25261;
7 бесплатных книг;25244;
книги про попаданцев онлайн бесплатно полностью;25225;
книга сергеев скачать;25199;
книга 7 2;25189;
гончаров книги;25184;
орлов книги;25135;
почему красная книга красная;25134;
книга страниц в день;25127;
книга 5 класс 1 часть;25112;
книги лермонтова;25099;
книга души смотреть онлайн;25091;
книга 3 читать онлайн бесплатно полностью;25085;
книга душ смотреть онлайн;25083;
скачать бесплатно книги про;25077;
электронная книга класс;25068;
книги для скачивания;25037;
аудиокниги бесплатно книга в ухе;25026;
какой день книга;24993;
книга боярского неудержимый;24935;
оруэлл книги;24935;
лондон книги;24934;
музыка книги;24926;
книга жизни бесплатно;24922;
дюна книга;24911;
зеленая книга смотреть бесплатно;24876;
бесплатная книга ру;24852;
читать книгу онлайн бесплатно на русском;24845;
красная книга россии мира;24829;
читать современные любовные книги;24825;
царь скорпионов книга душ онлайн;24808;
книги современные романы бесплатно;24804;
книга огонь;24797;
царь скорпионов книга смотреть онлайн;24797;
скорпион книга душ смотреть онлайн;24793;
изумрудная книга;24772;
книги читать 9;24768;
как получить книгу;24756;
книга любовь онлайн;24754;
мир книги читать бесплатно;24746;
царь скорпионов книга душ бесплатно;24744;
реальности книга;24741;
книга 24;24735;
информация о книге;24728;
литмаркет книги читать;24728;
читаем книги литмаркет;24728;
важная книга;24708;
виктор пелевин книги;24708;
русские книги полные версии;24707;
устинова книги;24704;
скачать книги полные серии;24695;
царь скорпионов книга души смотреть онлайн;24649;
смотреть онлайн царь скорпионов книга душ;24641;
книги о войне;24634;
кронос александр возвышение меркурия книга читать;24631;
книга артур;24608;
видящий книга;24602;
книги онлайн современные;24601;
сергей сергеев книги скачать;24591;
скачать книги сергея;24591;
книга жизни читать;24576;
слушать русские книгу онлайн;24566;
читать книги без регистрации полные версии;24537;
самые интересные книги;24534;
королев книги;24511;
королева книга;24511;
книга в ухе слушать аудиокниги бесплатно;24480;
мастер и маргарита книга;24461;
корней чуковский книги;24409;
книги корнея чуковского;24404;
корней чуковский книга книги корнея чуковского;24404;
прочитать 4 книги;24403;
поселягин книги;24402;
читать бесплатно книгу неудержимый;24400;
книга неудержимый читать онлайн;24399;
красная книга россии окружающий;24365;
какие 3 книги;24361;
библиотеки книг без регистрации;24355;
книга 60;24306;
библиотеки бесплатных книг без регистрации;24292;
читать книги бесплатно полные версии без регистрации;24292;
рубина книги;24244;
книги ужасов;24236;
книги устиновой;24226;
книги на руси;24197;
новые книги 2024;24188;
какая книга идет;24173;
романовы книга;24162;
бесплатные книги современные любовные романы;24151;
электронные книги регистрации бесплатно;24133;
электронная книга бесплатно без регистраций;24114;
читать русские книги полностью;24109;
книга первый класс;24108;
скачать книги без регистрации в формате;24052;
книга me;24037;
по фаренгейту книга;24015;
слушать книги онлайн бесплатно русскую;23992;
островский книги;23982;
скачать книги через;23975;
азбука книга;23968;
сообщение о красной книге 4 класс;23954;
книги вадима;23928;
читать книги современный роман;23901;
книги онлайн любовное фэнтези;23897;
читать книги онлайн бесплатно 4;23872;
алексеев книги бесплатно;23857;
книга призраков;23857;
книга 48;23850;
куда книги;23836;
красная книга россии окружающий мир;23791;
александров книги скачать бесплатно;23764;
читать книги онлайн современных;23743;
книги онлайн скачать бесплатно;23741;
книги онлайн 7;23709;
книги биографии;23693;
американские книги;23683;
людмила книга;23681;
верн книги;23675;
философские книги;23671;
слушать русскую книгу бесплатно без регистрации;23666;
книга душ смотреть бесплатно;23663;
книга секрет;23641;
читать современные любовные книги бесплатно;23627;
книга как стать;23616;
зеленая книга онлайн бесплатно;23611;
clever книги;23600;
книга выполнена;23599;
другой мир книга;23583;
книги читать романы сокращений любовные;23582;
читать книги бесплатно и без регистрации попаданцы;23575;
книга демон;23570;
какие книги вышли;23555;
книга вера;23553;
зеленая книга хорошая;23538;
книги о животных 4 класс;23526;
красная панда из красной книги;23526;
человеческое книга;23526;
китайские книги;23516;
читать книги онлайн бесплатно андреев;23477;
книга ф;23464;
книга 4 читать полностью;23446;
читать русские книги полностью бесплатно;23436;
куренной книги;23432;
александр кронос книга возвышение меркурия читать бесплатно;23428;
александр александров книги скачать бесплатно;23404;
книга александра скачать бесплатно;23404;
книги читать полностью онлайн про попаданцев;23393;
читаем книги про попаданцев полностью онлайн;23393;
книги аудио онлайн;23383;
книга 3 аудиокнига;23369;
книга мозг;23345;
читать книги современные любовные романы;23338;
читать книгу самому;23330;
современная книга читать онлайн бесплатно;23322;
книги онлайн читать бесплатно полностью про попаданцев;23316;
царь скорпионов книга души смотреть бесплатно;23299;
смотреть бесплатно царь скорпионов книга душ;23293;
властелин колец книга;23253;
животные международной красной книги сообщение;23244;
скотт книги;23244;
артем артемов книга;23197;
книги артема;23197;
сергей лукьяненко книги;23156;
книга какая ответы;23115;
книги для 3 класса;23102;
книга жизни мультфильм;23083;
страшные книги;23063;
попаданец полные книги;23051;
скачать книгу на телефон;23048;
андрей андреев читать книги онлайн бесплатно;23032;
андрей книги читать онлайн бесплатно;23032;
полную серию книг скачать бесплатно;23019;
настольная книга;23017;
содержимое книги;23008;
части книги 2 класс;23008;
книги анатолий;22994;
книги полные серии версии бесплатно;22993;
книги бесплатно полные версии на русском;22991;
полки для книг;22976;
читать книгу без 2;22950;
первый второй третий книга;22939;
зеленая книга смотреть онлайн бесплатно;22920;
книги онлайн бесплатно любовное фэнтези;22906;
книга идеален идеальный;22905;
человек прочитавший книгу;22850;
книги формата fb2 без регистрации;22841;
какие известные книги;22833;
хранители книга;22833;
сера книга;22830;
книга год рождения;22813;
презентация книга россии;22805;
уф книга;22801;
язык лучшие книги;22787;
проект книга класса;22769;
читать книги бесплатно современный роман;22742;
самое самое в мире книг;22730;
книги рубиной;22725;
книги уфа;22721;
размер книги;22705;
включи книгу;22656;
в стране чудес книга;22637;
книга неудержимый онлайн бесплатно;22636;
большие книги 2;22631;
трофимов книги бесплатно;22615;
читать книгу полностью неудержимый;22594;
аудио книги ру;22575;
православные книги;22572;
серая книга;22567;
книги онлайн современные любовные;22535;
2 тома книги;22530;
книга пропасть;22517;
читать книги бесплатно 5;22513;
красная книга редкие;22511;
облом книга;22511;
книги фб2;22469;
часть книги бесплатно;22455;
деятельность книги;22452;
читать книги онлайн читать 5;22435;
книга лиза;22431;
книга личное;22425;
где читают книги;22423;
книги про попаданок;22421;
книга полин;22397;
книга полина;22393;
книги кира булычева;22386;
кулинарная книга;22384;
презентация книги 4 класс;22359;
современные любовные книги онлайн бесплатно;22357;
зеленая книга качестве;22355;
мир книг онлайн бесплатно;22347;
кассовая книга;22344;
кир булычев книги;22344;
математик книга 5;22333;
красная книга амурской;22323;
читать бесплатно книги современные любовные романы;22322;
книга проклятых;22308;
царевны книги;22300;
2 в 1 книга 5;22297;
вселенная книга;22292;
зеленая книга в хорошем качестве;22288;
читать книгу александра пушкина;22269;
какая книга лучше;22257;
собранные книги;22254;
книги скачать сериями полная версия;22252;
книга э;22234;
государство книга;22224;
книга 6 часть;22215;
читать литнет полные книги;22214;
зеленая книга смотреть в хорошем;22213;
читать книгу онлайн современные любовные;22210;
неудержимый книга читать онлайн бесплатно;22189;
читать литнет полные книги бесплатно;22177;
александр сергеевич пушкин книги читать;22154;
миф книги;22150;
попаданцы книги читать полностью без сокращений;22143;
книга 2013;22142;
книги жюля;22124;
народная книга;22102;
книга русского языка читать;22094;
русский 3 книга;22085;
читать книги онлайн бесплатно любовные современные;22076;
книги через торрент;22065;
вархаммер книги;22061;
книга завета;22060;
книга лекарь;22057;
2 лета книга;22051;
читать бесплатно книгу без 2;22003;
книги читать 10;21996;
10 читаемых книг;21995;
читать онлайн книги елены;21992;
поли книга;21980;
женские книги;21971;
барс книги;21950;
французские книги;21913;
джек лондон книги;21910;
книга дар;21909;
слушать книги фэнтези;21894;
скачать книги на русском бесплатно;21893;
соколов книги;21864;
джордж оруэлл книги;21854;
книги яна;21846;
ян книги;21846;
неудержимый книга читать полностью бесплатно;21839;
книги для женщин;21832;
книги онлайн современные романы;21827;
книга алиса в стране;21798;
без языка книги;21788;
читать книги попаданцах бесплатно полностью без сокращений;21784;
книги которые стоит прочитать;21770;
стоящие книги которые стоит прочитать;21770;
прочитать 5 книг;21760;
литнет читать книги бесплатно полная версия;21754;
книга жюли верна;21741;
книги жюль верна;21741;
жюлю верну книги;21736;
полные версии литнет читать книги онлайн бесплатно;21729;
жюли верн книги;21727;
жюль верн книга книги жюля верна;21727;
жюль верн книги;21727;
книга 5 скачать;21712;
книга влияние;21711;
книга 2 аудиокнига слушать;21708;
скачать сборник книг;21693;
воитель книга;21688;
красная книга краткое описание;21688;
читать книги бесплатно елена;21678;
1 книга текст;21677;
скачать книги формата fb2 бесплатно без регистрации;21675;
серия книг александр;21674;
книга вместе;21652;
рукописные книги;21648;
тринадцатый книга;21640;
книга содержит;21636;
книги древней руси;21636;
книга градусов;21583;
книга толкование;21583;
книга курил бросил;21567;
первая книга читаем;21562;
читать книгу первая;21562;
первые книги читать;21556;
книга вели;21548;
отечественные книги;21548;
книга записки;21540;
современные книги полностью читать;21537;
поль книга;21528;
книга алиса чудес;21522;
грин книги;21517;
борис акунин книги;21514;
приходящий книга;21511;
книги фэнтези полные;21491;
читать онлайн книги современные романы;21481;
читать полностью бесплатно современные книги;21477;
аудиокнига лучшие книги;21468;
читать бесплатно онлайн книги анны;21464;
скачать книги через торрент;21454;
дин рубин книги;21449;
дина рубина книги;21449;
книга онлайн современный любовный роман;21442;
